idx	word	count	perc	perc_acum
0	и	307	4.7	4.7
1	вы	233	3.5	8.2
2	это	174	2.6	10.8
3	то	150	2.3	13.1
4	что	147	2.2	15.4
5	я	125	1.9	17.3
6	в	121	1.8	19.1
7	на	114	1.7	20.8
8	не	114	1.7	22.6
9	есть	107	1.6	24.2
10	вот	73	1.1	25.3
11	как	67	1.0	26.3
12	язык	65	1.0	27.3
13	можете	58	0.9	28.2
14	вам	55	0.8	29.0
15	о	53	0.8	29.8
16	ну	50	0.8	30.6
17	так	48	0.7	31.3
18	чтобы	47	0.7	32.0
19	видео	47	0.7	32.7
20	с	43	0.7	33.4
21	если	41	0.6	34.0
22	всё	39	0.6	34.6
23	чтото	37	0.6	35.2
24	слушать	36	0.5	35.7
25	нужно	35	0.5	36.2
26	но	34	0.5	36.8
27	уже	34	0.5	37.3
28	бы	33	0.5	37.8
29	просто	33	0.5	38.3
30	русский	31	0.5	38.7
31	же	30	0.5	39.2
32	потому	29	0.4	39.6
33	когда	28	0.4	40.1
34	ты	28	0.4	40.5
35	языка	27	0.4	40.9
36	изучать	27	0.4	41.3
37	мы	27	0.4	41.7
38	у	27	0.4	42.1
39	вас	27	0.4	42.5
40	потом	27	0.4	43.0
41	очень	25	0.4	43.3
42	раз	25	0.4	43.7
43	будет	23	0.3	44.1
44	также	23	0.3	44.4
45	каждый	23	0.3	44.8
46	день	23	0.3	45.1
47	там	23	0.3	45.5
48	да	22	0.3	45.8
49	или	21	0.3	46.1
50	все	21	0.3	46.4
51	интересно	19	0.3	46.7
52	принципе	18	0.3	47.0
53	принцип	18	0.3	47.3
54	использовать	18	0.3	47.5
55	например	18	0.3	47.8
56	только	18	0.3	48.1
57	а	17	0.3	48.3
58	по	17	0.3	48.6
59	знаю	17	0.3	48.9
60	больше	17	0.3	49.1
61	для	16	0.2	49.4
62	какието	16	0.2	49.6
63	ещё	16	0.2	49.8
64	меня	16	0.2	50.1
65	время	15	0.2	50.3
66	он	15	0.2	50.5
67	его	14	0.2	50.8
68	слова	14	0.2	51.0
69	много	14	0.2	51.2
70	том	14	0.2	51.4
71	эффективно	14	0.2	51.6
72	из	14	0.2	51.8
73	смотрите	14	0.2	52.0
74	кто	13	0.2	52.2
75	тем	13	0.2	52.4
76	заниматься	13	0.2	52.6
77	можно	13	0.2	52.8
78	языке	13	0.2	53.0
79	поэтому	13	0.2	53.2
80	за	13	0.2	53.4
81	изучаете	13	0.2	53.6
82	аудио	13	0.2	53.8
83	мне	13	0.2	54.0
84	к	13	0.2	54.2
85	которые	13	0.2	54.4
86	материалы	13	0.2	54.6
87	слушаете	13	0.2	54.8
88	конечно	12	0.2	55.0
89	делать	12	0.2	55.2
90	подкаст	12	0.2	55.3
91	тоже	12	0.2	55.5
92	далее	12	0.2	55.7
93	лучше	12	0.2	55.9
94	понимаете	12	0.2	56.1
95	знаете	12	0.2	56.3
96	всем	11	0.2	56.4
97	первый	11	0.2	56.6
98	читать	11	0.2	56.8
99	почему	11	0.2	56.9
100	переводить	11	0.2	57.1
101	этом	11	0.2	57.3
102	выучить	10	0.2	57.4
103	какойто	10	0.2	57.6
104	понимать	10	0.2	57.7
105	русском	10	0.2	57.9
106	хотите	10	0.2	58.0
107	себя	10	0.2	58.2
108	сегодня	9	0.1	58.3
109	изучения	9	0.1	58.4
110	русского	9	0.1	58.6
111	думаю	9	0.1	58.7
112	быть	9	0.1	58.9
113	новое	9	0.1	59.0
114	именно	9	0.1	59.1
115	вообще	9	0.1	59.3
116	спасибо	9	0.1	59.4
117	того	9	0.1	59.5
118	здесь	9	0.1	59.7
119	сказать	9	0.1	59.8
120	одно	9	0.1	59.9
121	через	8	0.1	60.1
122	эффективного	8	0.1	60.2
123	этого	8	0.1	60.3
124	нет	8	0.1	60.4
125	делаете	8	0.1	60.6
126	образом	8	0.1	60.7
127	какуюто	8	0.1	60.8
128	важно	8	0.1	60.9
129	теперь	8	0.1	61.0
130	два	8	0.1	61.2
131	грамматику	8	0.1	61.3
132	пишите	8	0.1	61.4
133	увидимся	8	0.1	61.5
134	говорить	8	0.1	61.6
135	об	8	0.1	61.8
136	мои	8	0.1	61.9
137	свои	8	0.1	62.0
138	чем	8	0.1	62.1
139	эти	8	0.1	62.3
140	сейчас	8	0.1	62.4
141	привет	7	0.1	62.5
142	канале	7	0.1	62.6
143	russian	7	0.1	62.7
144	progress	7	0.1	62.8
145	произношение	7	0.1	62.9
146	они	7	0.1	63.0
147	вопервых	7	0.1	63.1
148	даже	7	0.1	63.2
149	этим	7	0.1	63.3
150	этот	7	0.1	63.4
151	следующем	7	0.1	63.5
152	пока	7	0.1	63.7
153	изучаешь	7	0.1	63.8
154	самое	7	0.1	63.9
155	такая	7	0.1	64.0
156	их	7	0.1	64.1
157	описании	7	0.1	64.2
158	те	7	0.1	64.3
159	изучении	7	0.1	64.4
160	вариант	7	0.1	64.5
161	канал	6	0.1	64.6
162	значит	6	0.1	64.7
163	второй	6	0.1	64.8
164	лет	6	0.1	64.9
165	минут	6	0.1	65.0
166	времени	6	0.1	65.1
167	работать	6	0.1	65.1
168	может	6	0.1	65.2
169	таким	6	0.1	65.3
170	жизнь	6	0.1	65.4
171	языком	6	0.1	65.5
172	пять	6	0.1	65.6
173	переводите	6	0.1	65.7
174	человек	6	0.1	65.8
175	ничего	6	0.1	65.9
176	соответственно	6	0.1	66.0
177	такой	6	0.1	66.1
178	изучает	6	0.1	66.1
179	субтитрами	6	0.1	66.2
180	нравится	6	0.1	66.3
181	сделать	6	0.1	66.4
182	смотреть	6	0.1	66.5
183	оченьочень	6	0.1	66.6
184	узнать	6	0.1	66.7
185	делаю	6	0.1	66.8
186	языки	6	0.1	66.9
187	обо	6	0.1	67.0
188	всём	6	0.1	67.1
189	тексты	6	0.1	67.1
190	до	6	0.1	67.2
191	сам	6	0.1	67.3
192	повторять	6	0.1	67.4
193	артём	5	0.1	67.5
194	контент	5	0.1	67.6
195	был	5	0.1	67.6
196	используя	5	0.1	67.7
197	постоянно	5	0.1	67.8
198	говорил	5	0.1	67.9
199	возможно	5	0.1	68.0
200	занимаетесь	5	0.1	68.0
201	три	5	0.1	68.1
202	слушаю	5	0.1	68.2
203	послушать	5	0.1	68.3
204	своей	5	0.1	68.3
205	целенаправленно	5	0.1	68.4
206	както	5	0.1	68.5
207	изучение	5	0.1	68.6
208	комментариях	5	0.1	68.6
209	сайт	5	0.1	68.7
210	хотел	5	0.1	68.8
211	вторая	5	0.1	68.9
212	более	5	0.1	68.9
213	начал	5	0.1	69.0
214	которая	5	0.1	69.1
215	самый	5	0.1	69.2
216	понять	5	0.1	69.2
217	сначала	5	0.1	69.3
218	гораздо	5	0.1	69.4
219	субтитры	5	0.1	69.5
220	ниже	5	0.1	69.5
221	легко	5	0.1	69.6
222	материал	5	0.1	69.7
223	чём	5	0.1	69.8
224	им	5	0.1	69.9
225	она	5	0.1	69.9
226	нам	5	0.1	70.0
227	года	5	0.1	70.1
228	её	5	0.1	70.2
229	тайским	5	0.1	70.2
230	занимаюсь	5	0.1	70.3
231	речь	5	0.1	70.4
232	вами	5	0.1	70.5
233	ссылка	5	0.1	70.5
234	текст	5	0.1	70.6
235	знать	5	0.1	70.7
236	сами	5	0.1	70.8
237	ответы	5	0.1	70.8
238	вопросы	5	0.1	70.9
239	улучшить	4	0.1	71.0
240	свой	4	0.1	71.0
241	третьем	4	0.1	71.1
242	грамматические	4	0.1	71.2
243	самым	4	0.1	71.2
244	своё	4	0.1	71.3
245	опять	4	0.1	71.3
246	свою	4	0.1	71.4
247	наконец	4	0.1	71.5
248	один	4	0.1	71.5
249	хотя	4	0.1	71.6
250	неделю	4	0.1	71.6
251	тяжело	4	0.1	71.7
252	будете	4	0.1	71.8
253	комментарии	4	0.1	71.8
254	рад	4	0.1	71.9
255	проект	4	0.1	71.9
256	фейсбуке	4	0.1	72.0
257	видите	4	0.1	72.1
258	mp3	4	0.1	72.1
259	сайте	4	0.1	72.2
260	зовут	4	0.1	72.3
261	добро	4	0.1	72.3
262	пожаловать	4	0.1	72.4
263	иностранный	4	0.1	72.4
264	школе	4	0.1	72.5
265	первая	4	0.1	72.6
266	какихто	4	0.1	72.6
267	зачем	4	0.1	72.7
268	было	4	0.1	72.7
269	следующий	4	0.1	72.8
270	слово	4	0.1	72.9
271	любой	4	0.1	72.9
272	проще	4	0.1	73.0
273	огромный	4	0.1	73.0
274	найдёте	4	0.1	73.1
275	хочу	4	0.1	73.2
276	вещь	4	0.1	73.2
277	принципы	4	0.1	73.3
278	узнавать	4	0.1	73.3
279	где	4	0.1	73.4
280	двух	4	0.1	73.5
281	зайцев	4	0.1	73.5
282	найти	4	0.1	73.6
283	узнаете	4	0.1	73.6
284	информацию	4	0.1	73.7
285	многие	4	0.1	73.8
286	нас	4	0.1	73.8
287	новые	4	0.1	73.9
288	круто	4	0.1	74.0
289	такие	4	0.1	74.0
290	когото	4	0.1	74.1
291	буду	4	0.1	74.1
292	русским	4	0.1	74.2
293	эту	4	0.1	74.3
294	аудирование	4	0.1	74.3
295	посмотреть	4	0.1	74.4
296	первое	4	0.1	74.4
297	позволяет	4	0.1	74.5
298	пытаетесь	4	0.1	74.6
299	тебя	4	0.1	74.6
300	инициативу	4	0.1	74.7
301	процент	4	0.1	74.7
302	одним	4	0.1	74.8
303	тех	3	0.0	74.8
304	расскажу	3	0.0	74.9
305	пытаться	3	0.0	74.9
306	запомнить	3	0.0	75.0
307	живой	3	0.0	75.0
308	работает	3	0.0	75.1
309	слушая	3	0.0	75.1
310	используется	3	0.0	75.2
311	месяцев	3	0.0	75.2
312	мотивации	3	0.0	75.3
313	30тридцать	3	0.0	75.3
314	учиться	3	0.0	75.3
315	другие	3	0.0	75.4
316	главный	3	0.0	75.4
317	предлагаю	3	0.0	75.5
318	такое	3	0.0	75.5
319	заняты	3	0.0	75.6
320	физически	3	0.0	75.6
321	кудато	3	0.0	75.7
322	встаю	3	0.0	75.7
323	готовлю	3	0.0	75.8
324	себе	3	0.0	75.8
325	могу	3	0.0	75.9
326	этой	3	0.0	75.9
327	изучаю	3	0.0	75.9
328	пример	3	0.0	76.0
329	читаете	3	0.0	76.0
330	языков	3	0.0	76.1
331	суть	3	0.0	76.1
332	сидите	3	0.0	76.2
333	стало	3	0.0	76.2
334	поработать	3	0.0	76.3
335	рекомендую	3	0.0	76.3
336	эффективнее	3	0.0	76.4
337	от	3	0.0	76.4
338	третий	3	0.0	76.4
339	него	3	0.0	76.5
340	огромные	3	0.0	76.5
341	полезно	3	0.0	76.6
342	напишите	3	0.0	76.6
343	скачивать	3	0.0	76.7
344	своем	3	0.0	76.7
345	серию	3	0.0	76.8
346	протяжении	3	0.0	76.8
347	говоришь	3	0.0	76.9
348	две	3	0.0	76.9
349	практически	3	0.0	76.9
350	либо	3	0.0	77.0
351	научиться	3	0.0	77.0
352	результат	3	0.0	77.1
353	тому	3	0.0	77.1
354	большое	3	0.0	77.2
355	правила	3	0.0	77.2
356	который	3	0.0	77.3
357	со	3	0.0	77.3
358	мной	3	0.0	77.4
359	ознакомиться	3	0.0	77.4
360	месяца	3	0.0	77.4
361	гдето	3	0.0	77.5
362	любом	3	0.0	77.5
363	случае	3	0.0	77.6
364	сразу	3	0.0	77.6
365	pdf	3	0.0	77.7
366	ко	3	0.0	77.7
367	пользуйтесь	3	0.0	77.8
368	незнакомые	3	0.0	77.8
369	принципу	3	0.0	77.9
370	которую	3	0.0	77.9
371	математику	3	0.0	77.9
372	разом	3	0.0	78.0
373	скажем	3	0.0	78.0
374	путешествиях	3	0.0	78.1
375	идеи	3	0.0	78.1
376	мысли	3	0.0	78.2
377	применяете	3	0.0	78.2
378	подкасты	3	0.0	78.3
379	стать	3	0.0	78.3
380	интересны	3	0.0	78.4
381	узнаёте	3	0.0	78.4
382	будут	3	0.0	78.4
383	русской	3	0.0	78.5
384	других	3	0.0	78.5
385	темы	3	0.0	78.6
386	хорошо	3	0.0	78.6
387	предоставить	3	0.0	78.7
388	говорю	3	0.0	78.7
389	расскажите	3	0.0	78.8
390	сопровождаются	3	0.0	78.8
391	серия	3	0.0	78.9
392	всего	3	0.0	78.9
393	принципов	3	0.0	78.9
394	решение	3	0.0	79.0
395	всегда	3	0.0	79.0
396	причина	3	0.0	79.1
397	дня	3	0.0	79.1
398	послушали	3	0.0	79.2
399	параллельно	3	0.0	79.2
400	общем	3	0.0	79.3
401	обязательно	3	0.0	79.3
402	которое	3	0.0	79.4
403	новость	3	0.0	79.4
404	понимания	3	0.0	79.5
405	связь	3	0.0	79.5
406	надо	3	0.0	79.5
407	слушайте	3	0.0	79.6
408	материала	3	0.0	79.6
409	многу	3	0.0	79.7
410	общий	3	0.0	79.7
411	смысл	3	0.0	79.8
412	процентов	3	0.0	79.8
413	тут	3	0.0	79.9
414	подписывайтесь	3	0.0	79.9
415	посмотрели	3	0.0	80.0
416	сегодняшний	3	0.0	80.0
417	проактивным	3	0.0	80.0
418	подходит	3	0.0	80.1
419	будьте	3	0.0	80.1
420	над	3	0.0	80.2
421	повторяете	3	0.0	80.2
422	алфавит	3	0.0	80.3
423	допустим	3	0.0	80.3
424	хочет	2	0.0	80.3
425	аутентичный	2	0.0	80.4
426	напомню	2	0.0	80.4
427	структуры	2	0.0	80.4
428	диалоги	2	0.0	80.5
429	практике	2	0.0	80.5
430	интереснее	2	0.0	80.5
431	запоминаем	2	0.0	80.6
432	правильное	2	0.0	80.6
433	каких	2	0.0	80.6
434	контекстах	2	0.0	80.7
435	процесс	2	0.0	80.7
436	вместо	2	0.0	80.7
437	столько	2	0.0	80.7
438	энергии	2	0.0	80.8
439	избежать	2	0.0	80.8
440	среднем	2	0.0	80.8
441	показатель	2	0.0	80.9
442	сказал	2	0.0	80.9
443	цели	2	0.0	80.9
444	используйте	2	0.0	81.0
445	мёртвое	2	0.0	81.0
446	идёте	2	0.0	81.0
447	едете	2	0.0	81.0
448	приведу	2	0.0	81.1
449	примера	2	0.0	81.1
450	немецком	2	0.0	81.1
451	завтрак	2	0.0	81.2
452	завтракаю	2	0.0	81.2
453	английском	2	0.0	81.2
454	интересный	2	0.0	81.3
455	пользоваться	2	0.0	81.3
456	сделаю	2	0.0	81.3
457	изучением	2	0.0	81.3
458	нормальной	2	0.0	81.4
459	жизнью	2	0.0	81.4
460	важный	2	0.0	81.4
461	момент	2	0.0	81.5
462	интегрировать	2	0.0	81.5
463	изучали	2	0.0	81.5
464	означает	2	0.0	81.6
465	имею	2	0.0	81.6
466	всётаки	2	0.0	81.6
467	раза	2	0.0	81.7
468	сесть	2	0.0	81.7
469	транскрипцией	2	0.0	81.7
470	поизучать	2	0.0	81.7
471	иначе	2	0.0	81.8
472	кемто	2	0.0	81.8
473	находить	2	0.0	81.8
474	просмотр	2	0.0	81.9
475	лайки	2	0.0	81.9
476	пор	2	0.0	81.9
477	почти	2	0.0	82.0
478	молодцы	2	0.0	82.0
479	пользуетесь	2	0.0	82.0
480	ли	2	0.0	82.0
481	переходите	2	0.0	82.1
482	выпуске	2	0.0	82.1
483	принципах	2	0.0	82.1
484	конечном	2	0.0	82.2
485	счете	2	0.0	82.2
486	понимаешь	2	0.0	82.2
487	кажется	2	0.0	82.3
488	проблема	2	0.0	82.3
489	никакого	2	0.0	82.3
490	аудированию	2	0.0	82.4
491	читаешь	2	0.0	82.4
492	слушаешь	2	0.0	82.4
493	невозможно	2	0.0	82.4
494	грамматике	2	0.0	82.5
495	небольшой	2	0.0	82.5
496	словарный	2	0.0	82.5
497	запас	2	0.0	82.6
498	абсолютно	2	0.0	82.6
499	изучал	2	0.0	82.6
500	десяти	2	0.0	82.7
501	курсы	2	0.0	82.7
502	транскрипцию	2	0.0	82.7
503	грамматика	2	0.0	82.7
504	ней	2	0.0	82.8
505	велосипеде	2	0.0	82.8
506	кататься	2	0.0	82.8
507	садишься	2	0.0	82.9
508	едешь	2	0.0	82.9
509	выучил	2	0.0	82.9
510	оно	2	0.0	83.0
511	предложение	2	0.0	83.0
512	понимание	2	0.0	83.0
513	месяцдва	2	0.0	83.0
514	пласт	2	0.0	83.1
515	создаю	2	0.0	83.1
516	думаете	2	0.0	83.1
517	живом	2	0.0	83.2
518	лексику	2	0.0	83.2
519	ютубе	2	0.0	83.2
520	ссылке	2	0.0	83.3
521	lingqcom	2	0.0	83.3
522	кликая	2	0.0	83.3
523	ссылки	2	0.0	83.4
524	звучит	2	0.0	83.4
525	следующим	2	0.0	83.4
526	образом:	2	0.0	83.4
527	физику	2	0.0	83.5
528	другое	2	0.0	83.5
529	убивать	2	0.0	83.5
530	ценность	2	0.0	83.6
531	вашу	2	0.0	83.6
532	путешествовать	2	0.0	83.6
533	них	2	0.0	83.7
534	youtube	2	0.0	83.7
535	бизнес	2	0.0	83.7
536	бизнесе	2	0.0	83.7
537	касается	2	0.0	83.8
538	саморазвитии	2	0.0	83.8
539	хотим	2	0.0	83.8
540	люди	2	0.0	83.9
541	получить	2	0.0	83.9
542	равно	2	0.0	83.9
543	самые	2	0.0	84.0
544	спорте	2	0.0	84.0
545	интересует	2	0.0	84.0
546	культуре	2	0.0	84.1
547	россии	2	0.0	84.1
548	действительно	2	0.0	84.1
549	моя	2	0.0	84.1
550	написать	2	0.0	84.2
551	предложения	2	0.0	84.2
552	поговорил	2	0.0	84.2
553	сибири	2	0.0	84.3
554	разных	2	0.0	84.3
555	изучайте	2	0.0	84.3
556	ваши	2	0.0	84.4
557	пожалуйста	2	0.0	84.4
558	могли	2	0.0	84.4
559	пятом	2	0.0	84.4
560	добавить	2	0.0	84.5
561	языках	2	0.0	84.5
562	разные	2	0.0	84.5
563	глаголах	2	0.0	84.6
564	самая	2	0.0	84.6
565	сказать:	2	0.0	84.6
566	можем	2	0.0	84.7
567	загрузить	2	0.0	84.7
568	дватричетыре	2	0.0	84.7
569	год	2	0.0	84.8
570	грубо	2	0.0	84.8
571	говоря	2	0.0	84.8
572	разтаки	2	0.0	84.8
573	быстрый	2	0.0	84.9
574	обидно	2	0.0	84.9
575	пропустили	2	0.0	84.9
576	месяц	2	0.0	85.0
577	впустую	2	0.0	85.0
578	занимались	2	0.0	85.0
579	регулярно	2	0.0	85.1
580	позаниматься	2	0.0	85.1
581	первой	2	0.0	85.1
582	половине	2	0.0	85.1
583	привычку	2	0.0	85.2
584	тайский	2	0.0	85.2
585	полагаю	2	0.0	85.2
586	иметь	2	0.0	85.3
587	долго	2	0.0	85.3
588	дне	2	0.0	85.3
589	сделали	2	0.0	85.4
590	отлично	2	0.0	85.4
591	вести	2	0.0	85.4
592	инстаграме	2	0.0	85.4
593	выкладываю	2	0.0	85.5
594	занятия	2	0.0	85.5
595	занимайтесь	2	0.0	85.5
596	какоето	2	0.0	85.6
597	работа	2	0.0	85.6
598	завтракаете	2	0.0	85.6
599	друзья	2	0.0	85.7
600	серии	2	0.0	85.7
601	прежде	2	0.0	85.7
602	приступим	2	0.0	85.8
603	второму	2	0.0	85.8
604	100сто	2	0.0	85.8
605	вытекает	2	0.0	85.8
606	письмо	2	0.0	85.9
607	этих	2	0.0	85.9
608	родной	2	0.0	85.9
609	родились	2	0.0	86.0
610	слушали	2	0.0	86.0
611	начинает	2	0.0	86.0
612	видит	2	0.0	86.1
613	ассоциации	2	0.0	86.1
614	текстом	2	0.0	86.1
615	сложнее	2	0.0	86.1
616	естественный	2	0.0	86.2
617	тему	2	0.0	86.2
618	получается	2	0.0	86.2
619	пункт	2	0.0	86.3
620	еще	2	0.0	86.3
621	запомните	2	0.0	86.3
622	важное	2	0.0	86.4
623	увидеть	2	0.0	86.4
624	заключает	2	0.0	86.4
625	должны	2	0.0	86.5
626	проактивными	2	0.0	86.5
627	советов	2	0.0	86.5
628	давать	2	0.0	86.5
629	особенно	2	0.0	86.6
630	несколько	2	0.0	86.6
631	комбинация	2	0.0	86.6
632	должен	2	0.0	86.7
633	примере	2	0.0	86.7
634	заходишь	2	0.0	86.7
635	ищешь	2	0.0	86.8
636	находишь	2	0.0	86.8
637	делаешь	2	0.0	86.8
638	чегото	2	0.0	86.8
639	пути	2	0.0	86.9
640	надеюсь	2	0.0	86.9
641	проявляйте	2	0.0	86.9
642	моё	2	0.0	87.0
643	преподаю	2	0.0	87.0
644	хотели	2	0.0	87.0
645	подписались	2	0.0	87.1
646	шестой	2	0.0	87.1
647	минимум	2	0.0	87.1
648	поймёте	2	0.0	87.2
649	конструкции	2	0.0	87.2
650	идёт	2	0.0	87.2
651	транскрипция	2	0.0	87.2
652	кириллицу	2	0.0	87.3
653	крутой	2	0.0	87.3
654	способ	2	0.0	87.3
655	четвертый	2	0.0	87.4
656	остановить	2	0.0	87.4
657	произношением	2	0.0	87.4
658	заучить	1	0.0	87.4
659	ненужные	1	0.0	87.5
660	погрузиться	1	0.0	87.5
661	увидите	1	0.0	87.5
662	многомного	1	0.0	87.5
663	многомногомного	1	0.0	87.5
664	видим	1	0.0	87.5
665	лексика	1	0.0	87.5
666	повторяются	1	0.0	87.6
667	секрет	1	0.0	87.6
668	долгий	1	0.0	87.6
669	стоит	1	0.0	87.6
670	5пять	1	0.0	87.6
671	часов	1	0.0	87.6
672	вперед	1	0.0	87.7
673	перегорели	1	0.0	87.7
674	чутьчуть	1	0.0	87.7
675	меньше	1	0.0	87.7
676	средний	1	0.0	87.7
677	семья	1	0.0	87.7
678	хлопоты	1	0.0	87.7
679	обязательства	1	0.0	87.8
680	ваш	1	0.0	87.8
681	приоритет	1	0.0	87.8
682	тогда	1	0.0	87.8
683	решение:	1	0.0	87.8
684	головой	1	0.0	87.8
685	убираетесь	1	0.0	87.8
686	дома	1	0.0	87.9
687	готовите	1	0.0	87.9
688	зале	1	0.0	87.9
689	бегаете	1	0.0	87.9
690	потреблять	1	0.0	87.9
691	утрам	1	0.0	87.9
692	умываюсь	1	0.0	88.0
693	затем	1	0.0	88.0
694	иду	1	0.0	88.0
695	зал	1	0.0	88.0
696	другом	1	0.0	88.0
697	итальянском	1	0.0	88.0
698	выполняю	1	0.0	88.0
699	рутину	1	0.0	88.1
700	процессе	1	0.0	88.1
701	рутины	1	0.0	88.1
702	узнаю	1	0.0	88.1
703	метро	1	0.0	88.1
704	телефоне	1	0.0	88.1
705	электронной	1	0.0	88.2
706	книжке	1	0.0	88.2
707	иностранном	1	0.0	88.2
708	различные	1	0.0	88.2
709	приложения	1	0.0	88.2
710	стоите	1	0.0	88.2
711	очереди	1	0.0	88.2
712	рулем	1	0.0	88.3
713	понятно	1	0.0	88.3
714	пассажир	1	0.0	88.3
715	отдельное	1	0.0	88.3
716	приложениям	1	0.0	88.3
717	живёте	1	0.0	88.3
718	неё	1	0.0	88.4
719	добавили	1	0.0	88.4
720	подстраиваться	1	0.0	88.4
721	менять	1	0.0	88.4
722	под	1	0.0	88.4
723	наоборот	1	0.0	88.4
724	привычным	1	0.0	88.4
725	обременяло	1	0.0	88.5
726	жили	1	0.0	88.5
727	обычные	1	0.0	88.5
728	задания	1	0.0	88.5
729	отменяются	1	0.0	88.5
730	ввиду	1	0.0	88.5
731	обязательное	1	0.0	88.5
732	условие	1	0.0	88.6
733	попереводить	1	0.0	88.6
734	чтонибудь	1	0.0	88.6
735	второе	1	0.0	88.6
736	дватри	1	0.0	88.6
737	зависимости	1	0.0	88.6
738	общаетесь	1	0.0	88.7
739	скайпу	1	0.0	88.7
740	мертвое	1	0.0	88.7
741	пишет	1	0.0	88.7
742	подписывается	1	0.0	88.7
743	ставит	1	0.0	88.7
744	серьезно	1	0.0	88.7
745	неделя	1	0.0	88.8
746	прошла	1	0.0	88.8
747	запустил	1	0.0	88.8
748	ребята	1	0.0	88.8
749	взаимодействуете	1	0.0	88.8
750	комментариев	1	0.0	88.8
751	принципом	1	0.0	88.9
752	подкастами	1	0.0	88.9
753	упомянул	1	0.0	88.9
754	устройстве	1	0.0	88.9
755	скачав	1	0.0	88.9
756	файл	1	0.0	88.9
757	скачивайте	1	0.0	88.9
758	разговорный	1	0.0	89.0
759	начать	1	0.0	89.0
760	целую	1	0.0	89.0
761	многим	1	0.0	89.0
762	знакома	1	0.0	89.0
763	ситуация	1	0.0	89.0
764	многих	1	0.0	89.0
765	университете	1	0.0	89.1
766	курсах	1	0.0	89.1
767	репетиторами	1	0.0	89.1
768	проблемы	1	0.0	89.1
769	уделяют	1	0.0	89.1
770	внимания	1	0.0	89.1
771	каким	1	0.0	89.2
772	нём	1	0.0	89.2
773	слишком	1	0.0	89.2
774	внимание	1	0.0	89.2
775	уделяется	1	0.0	89.2
776	имея	1	0.0	89.2
777	имеешь	1	0.0	89.2
778	накапливаются	1	0.0	89.3
779	сути	1	0.0	89.3
780	ненужных	1	0.0	89.3
781	областей	1	0.0	89.3
782	экология	1	0.0	89.3
783	человеку	1	0.0	89.3
784	рассказать	1	0.0	89.4
785	экологии	1	0.0	89.4
786	произошло	1	0.0	89.4
787	английский	1	0.0	89.4
788	ходил	1	0.0	89.4
789	репетиторам	1	0.0	89.4
790	дало	1	0.0	89.4
791	luke's	1	0.0	89.5
792	english	1	0.0	89.5
793	podcast	1	0.0	89.5
794	болееменее	1	0.0	89.5
795	была	1	0.0	89.5
796	снежный	1	0.0	89.5
797	ком	1	0.0	89.6
798	знания	1	0.0	89.6
799	накапливались	1	0.0	89.6
800	этап	1	0.0	89.6
801	плане	1	0.0	89.6
802	писать	1	0.0	89.6
803	упирается	1	0.0	89.6
804	использование	1	0.0	89.7
805	основной	1	0.0	89.7
806	ужасно	1	0.0	89.7
807	забыть	1	0.0	89.7
808	кошмаре	1	0.0	89.7
809	хороша	1	0.0	89.7
810	начале	1	0.0	89.7
811	немножко	1	0.0	89.8
812	функционирует	1	0.0	89.8
813	ключевое	1	0.0	89.8
814	каждую	1	0.0	89.8
815	деталь	1	0.0	89.8
816	переходить	1	0.0	89.8
817	аутентичным	1	0.0	89.9
818	материалам	1	0.0	89.9
819	предлагают	1	0.0	89.9
820	аналогия	1	0.0	89.9
821	ктонибудь	1	0.0	89.9
822	езде	1	0.0	89.9
823	изучая	1	0.0	89.9
824	теорию	1	0.0	90.0
825	метр	1	0.0	90.0
826	четыре	1	0.0	90.0
827	умеешь	1	0.0	90.0
828	произносится	1	0.0	90.0
829	абзац	1	0.0	90.0
830	виду	1	0.0	90.1
831	заучивать	1	0.0	90.1
832	переписываться	1	0.0	90.1
833	вернуться	1	0.0	90.1
834	имеете	1	0.0	90.1
835	хороший	1	0.0	90.1
836	спокойно	1	0.0	90.1
837	разобраться	1	0.0	90.2
838	устранить	1	0.0	90.2
839	ошибки	1	0.0	90.2
840	нежели	1	0.0	90.2
841	начнете	1	0.0	90.2
842	временами	1	0.0	90.2
843	падежами	1	0.0	90.2
844	советую	1	0.0	90.3
845	призываю	1	0.0	90.3
846	разговорном	1	0.0	90.3
847	свое	1	0.0	90.3
848	подписался	1	0.0	90.3
849	подключился	1	0.0	90.3
850	наиважнейшие	1	0.0	90.4
851	вещи	1	0.0	90.4
852	русскими	1	0.0	90.4
853	активировать	1	0.0	90.4
854	нажать	1	0.0	90.4
855	кнопку	1	0.0	90.4
856	настройки	1	0.0	90.4
857	важная	1	0.0	90.5
858	russianprogresscom	1	0.0	90.5
859	выпускам	1	0.0	90.5
860	последнее	1	0.0	90.5
861	перейти	1	0.0	90.5
862	выложены	1	0.0	90.5
863	переходим	1	0.0	90.6
864	четвёртому	1	0.0	90.6
865	остальные	1	0.0	90.6
866	четвёртый	1	0.0	90.6
867	узнавайте	1	0.0	90.6
868	математика	1	0.0	90.6
869	физика	1	0.0	90.6
870	физике	1	0.0	90.7
871	можешь	1	0.0	90.7
872	фанат	1	0.0	90.7
873	выражение	1	0.0	90.7
874	to	1	0.0	90.7
875	kill	1	0.0	90.7
876	two	1	0.0	90.8
877	birds	1	0.0	90.8
878	with	1	0.0	90.8
879	one	1	0.0	90.8
880	stone	1	0.0	90.8
881	предыдущем	1	0.0	90.8
882	делая	1	0.0	90.8
883	вопрос	1	0.0	90.9
884	возникает	1	0.0	90.9
885	следующий:	1	0.0	90.9
886	приносит	1	0.0	90.9
887	простых	1	0.0	90.9
888	посещать	1	0.0	90.9
889	страны	1	0.0	90.9
890	поехать	1	0.0	91.0
891	испанию	1	0.0	91.0
892	испании	1	0.0	91.0
893	убиваете	1	0.0	91.0
894	разом:	1	0.0	91.0
895	ценно	1	0.0	91.0
896	маркетингом	1	0.0	91.1
897	подчеркиваете	1	0.0	91.1
898	деле	1	0.0	91.1
899	маркетинга	1	0.0	91.1
900	про	1	0.0	91.1
901	маркетинг	1	0.0	91.1
902	впитываете	1	0.0	91.1
903	работе	1	0.0	91.2
904	получаете	1	0.0	91.2
905	ценную	1	0.0	91.2
906	блоги	1	0.0	91.2
907	хотят	1	0.0	91.2
908	услышать	1	0.0	91.2
909	продуктивнее	1	0.0	91.3
910	великие	1	0.0	91.3
911	делятся	1	0.0	91.3
912	своими	1	0.0	91.3
913	советами	1	0.0	91.3
914	применять	1	0.0	91.3
915	полезную	1	0.0	91.3
916	начальном	1	0.0	91.4
917	этапе	1	0.0	91.4
918	придётся	1	0.0	91.4
919	пройти	1	0.0	91.4
920	интересные	1	0.0	91.4
921	уровне	1	0.0	91.4
922	которым	1	0.0	91.4
923	частично	1	0.0	91.5
924	носителей	1	0.0	91.5
925	распечатывать	1	0.0	91.5
926	стараюсь	1	0.0	91.5
927	максимально	1	0.0	91.5
928	интересными	1	0.0	91.5
929	интересно:	1	0.0	91.6
930	культурах	1	0.0	91.6
931	принесёт	1	0.0	91.6
932	советы	1	0.0	91.6
933	продуктивности	1	0.0	91.6
934	актуальные	1	0.0	91.6
935	сможете	1	0.0	91.6
936	смогли	1	0.0	91.7
937	вашем	1	0.0	91.7
938	родном	1	0.0	91.7
939	цель	1	0.0	91.7
940	помогли	1	0.0	91.7
941	осветил	1	0.0	91.7
942	городах	1	0.0	91.8
943	книгах	1	0.0	91.8
944	литературе	1	0.0	91.8
945	узнавая	1	0.0	91.8
946	книжкой	1	0.0	91.8
947	зубрите	1	0.0	91.8
948	далеко	1	0.0	91.8
949	приведёт	1	0.0	91.9
950	довольно	1	0.0	91.9
951	неплохо	1	0.0	91.9
952	менее	1	0.0	91.9
953	двести	1	0.0	91.9
954	погружаться	1	0.0	91.9
955	легкостью	1	0.0	92.0
956	вся	1	0.0	92.0
957	семи	1	0.0	92.0
958	семь	1	0.0	92.0
959	опубликовал	1	0.0	92.0
960	немного	1	0.0	92.0
961	разнообразия	1	0.0	92.0
962	иностранных	1	0.0	92.1
963	связано	1	0.0	92.1
964	россией	1	0.0	92.1
965	культурой	1	0.0	92.1
966	добавлять	1	0.0	92.1
967	новостей	1	0.0	92.1
968	скоро	1	0.0	92.1
969	сленге	1	0.0	92.2
970	сленговых	1	0.0	92.2
971	видеодиалог	1	0.0	92.2
972	отснято	1	0.0	92.2
973	осталось	1	0.0	92.2
974	любимая	1	0.0	92.2
975	часть	1	0.0	92.3
976	говорим	1	0.0	92.3
977	божий	1	0.0	92.3
978	неважно	1	0.0	92.3
979	информации	1	0.0	92.3
980	чисто	1	0.0	92.3
981	пару	1	0.0	92.3
982	какое	1	0.0	92.4
983	следующее:	1	0.0	92.4
984	занимаемся	1	0.0	92.4
985	узнаём	1	0.0	92.4
986	подчеркнули	1	0.0	92.4
987	грамматики	1	0.0	92.4
988	узнали	1	0.0	92.5
989	стали	1	0.0	92.5
990	накапливается	1	0.0	92.5
991	помаленьку	1	0.0	92.5
992	прошествии	1	0.0	92.5
993	ладно	1	0.0	92.5
994	неплохой	1	0.0	92.5
995	нуля	1	0.0	92.6
996	начинаете	1	0.0	92.6
997	выучили	1	0.0	92.6
998	владеете	1	0.0	92.6
999	общаться	1	0.0	92.6
1000	всю	1	0.0	92.6
1001	работу	1	0.0	92.6
1002	длится	1	0.0	92.7
1003	невозможное	1	0.0	92.7
1004	реализовать	1	0.0	92.7
1005	проделать	1	0.0	92.7
1006	хотелось	1	0.0	92.7
1007	быстрого	1	0.0	92.7
1008	результата	1	0.0	92.8
1009	промежуток	1	0.0	92.8
1010	размазать	1	0.0	92.8
1011	разделить	1	0.0	92.8
1012	долгую	1	0.0	92.8
1013	перспективу	1	0.0	92.8
1014	перспективе	1	0.0	92.8
1015	годадвух	1	0.0	92.9
1016	усилия	1	0.0	92.9
1017	прикладываем	1	0.0	92.9
1018	осознавать	1	0.0	92.9
1019	растрачивается	1	0.0	92.9
1020	остаётся	1	0.0	92.9
1021	интенсивно	1	0.0	93.0
1022	недели	1	0.0	93.0
1023	пропало	1	0.0	93.0
1024	толку	1	0.0	93.0
1025	четвёртом	1	0.0	93.0
1026	возвращается	1	0.0	93.0
1027	простой	1	0.0	93.0
1028	практиковать	1	0.0	93.1
1029	надеть	1	0.0	93.1
1030	наушники	1	0.0	93.1
1031	слушатьслушатьслушать	1	0.0	93.1
1032	совсем	1	0.0	93.1
1033	временем	1	0.0	93.1
1034	начнёте	1	0.0	93.2
1035	беспроигрышный	1	0.0	93.2
1036	успели	1	0.0	93.2
1037	вечером	1	0.0	93.2
1038	ночь	1	0.0	93.2
1039	лучший	1	0.0	93.2
1040	выработаете	1	0.0	93.2
1041	определенное	1	0.0	93.3
1042	желательно	1	0.0	93.3
1043	утром	1	0.0	93.3
1044	всех	1	0.0	93.3
1045	своих	1	0.0	93.3
1046	дел	1	0.0	93.3
1047	полчасачас	1	0.0	93.3
1048	идеальный	1	0.0	93.4
1049	выработана	1	0.0	93.4
1050	привычка	1	0.0	93.4
1051	организовывать	1	0.0	93.4
1052	заставлять	1	0.0	93.4
1053	встаёте	1	0.0	93.4
1054	первым	1	0.0	93.5
1055	делом	1	0.0	93.5
1056	сажусь	1	0.0	93.5
1057	примерно	1	0.0	93.5
1058	двадцатьтридцать	1	0.0	93.5
1059	ежедневно	1	0.0	93.5
1060	полугода	1	0.0	93.5
1061	сложный	1	0.0	93.6
1062	наве	1	0.0	93.6
1063	терпение	1	0.0	93.6
1064	видишь	1	0.0	93.6
1065	результатов	1	0.0	93.6
1066	полгода	1	0.0	93.6
1067	результаты	1	0.0	93.7
1068	годдватри	1	0.0	93.7
1069	зависит	1	0.0	93.7
1070	идет	1	0.0	93.7
1071	фокусироваться	1	0.0	93.7
1072	цифре	1	0.0	93.7
1073	ааа	1	0.0	93.7
1074	целый	1	0.0	93.8
1075	фокусируйтесь	1	0.0	93.8
1076	сегодняшнем	1	0.0	93.8
1077	почитали	1	0.0	93.8
1078	пообщались	1	0.0	93.8
1079	поизучали	1	0.0	93.8
1080	дальше	1	0.0	93.8
1081	свободны	1	0.0	93.9
1082	угодно	1	0.0	93.9
1083	требует	1	0.0	93.9
1084	усилий	1	0.0	93.9
1085	сильных	1	0.0	93.9
1086	больших	1	0.0	93.9
1087	дневник	1	0.0	94.0
1088	отчёт	1	0.0	94.0
1089	позанимался	1	0.0	94.0
1090	фотографирую	1	0.0	94.0
1091	веду	1	0.0	94.0
1092	отдельную	1	0.0	94.0
1093	вкладку	1	0.0	94.0
1094	ребят	1	0.0	94.1
1095	должно	1	0.0	94.1
1096	какаято	1	0.0	94.1
1097	тяжёлая	1	0.0	94.1
1098	контакт	1	0.0	94.1
1099	почитать	1	0.0	94.1
1100	услы	1	0.0	94.2
1101	пообщаться	1	0.0	94.2
1102	музыку	1	0.0	94.2
1103	фильм	1	0.0	94.2
1104	учебник	1	0.0	94.2
1105	повторяюсь	1	0.0	94.2
1106	выработать	1	0.0	94.2
1107	каналов	1	0.0	94.3
1108	делал	1	0.0	94.3
1109	немецким	1	0.0	94.3
1110	наслаждайтесь	1	0.0	94.3
1111	процессом	1	0.0	94.3
1112	забудьте	1	0.0	94.3
1113	подписаться	1	0.0	94.3
1114	подписаны	1	0.0	94.4
1115	поставить	1	0.0	94.4
1116	лайк	1	0.0	94.4
1117	комментарий	1	0.0	94.4
1118	точно	1	0.0	94.4
1119	поделиться	1	0.0	94.4
1120	некоторыми	1	0.0	94.5
1121	новостями	1	0.0	94.5
1122	найдете	1	0.0	94.5
1123	достиг	1	0.0	94.5
1124	подписчиков	1	0.0	94.5
1125	третья	1	0.0	94.5
1126	платформе	1	0.0	94.5
1127	шикарный	1	0.0	94.6
1128	ресурс	1	0.0	94.6
1129	возможность	1	0.0	94.6
1130	поддержать	1	0.0	94.6
1131	оформите	1	0.0	94.6
1132	подписку	1	0.0	94.6
1133	непосредственно	1	0.0	94.7
1134	первого	1	0.0	94.7
1135	зазубривать	1	0.0	94.7
1136	накапливать	1	0.0	94.7
1137	нужна	1	0.0	94.7
1138	вырабатывать	1	0.0	94.7
1139	навык	1	0.0	94.7
1140	использования	1	0.0	94.8
1141	говорении	1	0.0	94.8
1142	любых	1	0.0	94.8
1143	четырех	1	0.0	94.8
1144	направлениях	1	0.0	94.8
1145	чтение	1	0.0	94.8
1146	говорение	1	0.0	94.9
1147	подчеркнуть	1	0.0	94.9
1148	выделить	1	0.0	94.9
1149	четырёх	1	0.0	94.9
1150	навыков	1	0.0	94.9
1151	давайте	1	0.0	94.9
1152	вспомним	1	0.0	94.9
1153	наш	1	0.0	95.0
1154	утробе	1	0.0	95.0
1155	матери	1	0.0	95.0
1156	после	1	0.0	95.0
1157	6шести	1	0.0	95.0
1158	постоянного	1	0.0	95.0
1159	аудирования	1	0.0	95.0
1160	младенец	1	0.0	95.1
1161	происходит	1	0.0	95.1
1162	ребенок	1	0.0	95.1
1163	слышит	1	0.0	95.1
1164	звуки	1	0.0	95.1
1165	ассоциацию	1	0.0	95.1
1166	строит	1	0.0	95.2
1167	звук	1	0.0	95.2
1168	ассоциируется	1	0.0	95.2
1169	ситуацией	1	0.0	95.2
1170	людям	1	0.0	95.2
1171	которых	1	0.0	95.2
1172	иностра	1	0.0	95.2
1173	строить	1	0.0	95.3
1174	образами	1	0.0	95.3
1175	представьте	1	0.0	95.3
1176	представить	1	0.0	95.3
1177	любовь	1	0.0	95.3
1178	свобода	1	0.0	95.3
1179	аудиоматериалы	1	0.0	95.4
1180	главное	1	0.0	95.4
1181	поддержка	1	0.0	95.4
1182	ориентироваться	1	0.0	95.4
1183	слух	1	0.0	95.4
1184	умеете	1	0.0	95.4
1185	копировать	1	0.0	95.4
1186	вставить	1	0.0	95.5
1187	переводчик	1	0.0	95.5
1188	возвращаясь	1	0.0	95.5
1189	слушанию	1	0.0	95.5
1190	запоминаете	1	0.0	95.5
1191	слышите	1	0.0	95.5
1192	мелодию	1	0.0	95.5
1193	используются	1	0.0	95.6
1194	во	1	0.0	95.6
1195	вторых	1	0.0	95.6
1196	включить	1	0.0	95.6
1197	чемто	1	0.0	95.6
1198	другим	1	0.0	95.6
1199	важна	1	0.0	95.7
1200	концентрация	1	0.0	95.7
1201	концентрироваться	1	0.0	95.7
1202	сидеть	1	0.0	95.7
1203	учебником	1	0.0	95.7
1204	зубрить	1	0.0	95.7
1205	прочитать	1	0.0	95.7
1206	общение	1	0.0	95.8
1207	смысле	1	0.0	95.8
1208	находите	1	0.0	95.8
1209	интересна	1	0.0	95.8
1210	путешествия	1	0.0	95.8
1211	иностранные	1	0.0	95.8
1212	психология	1	0.0	95.9
1213	саморазвитие	1	0.0	95.9
1214	убивая	1	0.0	95.9
1215	интересное	1	0.0	95.9
1216	полезное	1	0.0	95.9
1217	запоминать	1	0.0	95.9
1218	перескакивать	1	0.0	95.9
1219	одного	1	0.0	96.0
1220	другой	1	0.0	96.0
1221	сконцентрируйтесь	1	0.0	96.0
1222	одном	1	0.0	96.0
1223	ориентировался	1	0.0	96.0
1224	прослушать	1	0.0	96.0
1225	просмотреть	1	0.0	96.1
1226	без	1	0.0	96.1
1227	субтитров	1	0.0	96.1
1228	80восемьдесят90девяносто	1	0.0	96.1
1229	целом	1	0.0	96.1
1230	блин	1	0.0	96.1
1231	написал	1	0.0	96.1
1232	обычно	1	0.0	96.2
1233	поддерживаете	1	0.0	96.2
1234	ставите	1	0.0	96.2
1235	здорово	1	0.0	96.2
1236	подписалось	1	0.0	96.2
1237	продолжайте	1	0.0	96.2
1238	духе	1	0.0	96.2
1239	писали	1	0.0	96.3
1240	оставляли	1	0.0	96.3
1241	обратную	1	0.0	96.3
1242	попрактиковать	1	0.0	96.3
1243	пописать	1	0.0	96.3
1244	какие	1	0.0	96.3
1245	дайте	1	0.0	96.4
1246	последний	1	0.0	96.4
1247	7семь	1	0.0	96.4
1248	дошли	1	0.0	96.4
1249	конца	1	0.0	96.4
1250	отметьтесь	1	0.0	96.4
1251	плейлист	1	0.0	96.4
1252	несёт	1	0.0	96.5
1253	сообщение	1	0.0	96.5
1254	седьмой	1	0.0	96.5
1255	говорит	1	0.0	96.5
1256	аспектов	1	0.0	96.5
1257	проактивны	1	0.0	96.5
1258	берёте	1	0.0	96.6
1259	иностранного	1	0.0	96.6
1260	учит	1	0.0	96.6
1261	предприимчивым	1	0.0	96.6
1262	креативным	1	0.0	96.6
1263	конце	1	0.0	96.6
1264	концов	1	0.0	96.6
1265	преподаванием	1	0.0	96.7
1266	успешные	1	0.0	96.7
1267	ученики	1	0.0	96.7
1268	берут	1	0.0	96.7
1269	проявляют	1	0.0	96.7
1270	занимаются	1	0.0	96.7
1271	самостоятельно	1	0.0	96.7
1272	дополнение	1	0.0	96.8
1273	этому	1	0.0	96.8
1274	эффективная	1	0.0	96.8
1275	полиглоты	1	0.0	96.8
1276	говорят	1	0.0	96.8
1277	нельзя	1	0.0	96.8
1278	ктото	1	0.0	96.9
1279	научить	1	0.0	96.9
1280	языку	1	0.0	96.9
1281	согласен	1	0.0	96.9
1282	своём	1	0.0	96.9
1283	знаешь	1	0.0	96.9
1284	опыта	1	0.0	96.9
1285	задаешь	1	0.0	97.0
1286	google	1	0.0	97.0
1287	занимаешься	1	0.0	97.0
1288	думаешь	1	0.0	97.0
1289	загружают	1	0.0	97.0
1290	делают	1	0.0	97.0
1291	предприимчивые	1	0.0	97.1
1292	ожидаете	1	0.0	97.1
1293	сделает	1	0.0	97.1
1294	жизни	1	0.0	97.1
1295	ждать	1	0.0	97.1
1296	дождаться	1	0.0	97.1
1297	выигрышном	1	0.0	97.1
1298	положении	1	0.0	97.2
1299	находитесь	1	0.0	97.2
1300	завтра	1	0.0	97.2
1301	ваша	1	0.0	97.2
1302	задача	1	0.0	97.2
1303	наслаждались	1	0.0	97.2
1304	креативная	1	0.0	97.3
1305	думать:	1	0.0	97.3
1306	попробовать	1	0.0	97.3
1307	придерживаемся	1	0.0	97.3
1308	анализ	1	0.0	97.3
1309	креатив	1	0.0	97.3
1310	ваше	1	0.0	97.3
1311	действие	1	0.0	97.4
1312	наверное	1	0.0	97.4
1313	сумбурное	1	0.0	97.4
1314	хаотичное	1	0.0	97.4
1315	удалось	1	0.0	97.4
1316	донести	1	0.0	97.4
1317	паук	1	0.0	97.4
1318	спускается	1	0.0	97.5
1319	потолка	1	0.0	97.5
1320	берите	1	0.0	97.5
1321	ищите	1	0.0	97.5
1322	активными	1	0.0	97.5
1323	ведущими	1	0.0	97.5
1324	своему	1	0.0	97.6
1325	успеху	1	0.0	97.6
1326	сегодняшнее	1	0.0	97.6
1327	концу	1	0.0	97.6
1328	смотрели	1	0.0	97.6
1329	поможет	1	0.0	97.6
1330	помогло	1	0.0	97.6
1331	смотрел	1	0.0	97.7
1332	подобные	1	0.0	97.7
1333	узнавал	1	0.0	97.7
1334	решил	1	0.0	97.7
1335	преподавания	1	0.0	97.7
1336	сместить	1	0.0	97.7
1337	фокус	1	0.0	97.8
1338	создание	1	0.0	97.8
1339	материалов	1	0.0	97.8
1340	верю	1	0.0	97.8
1341	собственно	1	0.0	97.8
1342	приятно	1	0.0	97.8
1343	следующих	1	0.0	97.8
1344	вытекать	1	0.0	97.9
1345	лучше:	1	0.0	97.9
1346	пятого	1	0.0	97.9
1347	принципа	1	0.0	97.9
1348	пятый	1	0.0	97.9
1349	подумать	1	0.0	97.9
1350	допустить	1	0.0	97.9
1351	ошибку	1	0.0	98.0
1352	допускают	1	0.0	98.0
1353	допускал	1	0.0	98.0
1354	допускаю	1	0.0	98.0
1355	сих	1	0.0	98.0
1356	некоторых	1	0.0	98.0
1357	думать	1	0.0	98.1
1358	разное	1	0.0	98.1
1359	типа	1	0.0	98.1
1360	контента	1	0.0	98.1
1361	охватишь	1	0.0	98.1
1362	текстов	1	0.0	98.1
1363	прочитаешь	1	0.0	98.1
1364	посмотришь	1	0.0	98.2
1365	нифига	1	0.0	98.2
1366	подобного	1	0.0	98.2
1367	звучать	1	0.0	98.2
1368	средняя	1	0.0	98.2
1369	среднее	1	0.0	98.2
1370	число	1	0.0	98.3
1371	повышаете	1	0.0	98.3
1372	успевать	1	0.0	98.3
1373	речью	1	0.0	98.3
1374	отвлечься	1	0.0	98.3
1375	поняли	1	0.0	98.3
1376	чуть	1	0.0	98.3
1377	ещёещёещё	1	0.0	98.4
1378	повышаться	1	0.0	98.4
1379	занимаясь	1	0.0	98.4
1380	материалом	1	0.0	98.4
1381	каждым	1	0.0	98.4
1382	закрепляете	1	0.0	98.4
1383	сохранилось	1	0.0	98.5
1384	70семьдесят	1	0.0	98.5
1385	40сорок	1	0.0	98.5
1386	неделюдве	1	0.0	98.5
1387	10десять	1	0.0	98.5
1388	утрирую	1	0.0	98.5
1389	конкретные	1	0.0	98.5
1390	проценты	1	0.0	98.6
1391	сколько	1	0.0	98.6
1392	факт	1	0.0	98.6
1393	падает	1	0.0	98.6
1394	эффективность	1	0.0	98.6
1395	таких	1	0.0	98.6
1396	занятий	1	0.0	98.6
1397	сильно	1	0.0	98.7
1398	снижается	1	0.0	98.7
1399	врезается	1	0.0	98.7
1400	память	1	0.0	98.7
1401	встречать	1	0.0	98.7
1402	одни	1	0.0	98.7
1403	вероятность	1	0.0	98.8
1404	встретить	1	0.0	98.8
1405	называю	1	0.0	98.8
1406	кстати	1	0.0	98.8
1407	изначально	1	0.0	98.8
1408	знали	1	0.0	98.8
1409	пойдёт	1	0.0	98.8
1410	название	1	0.0	98.9
1411	пытаясь	1	0.0	98.9
1412	зацепиться	1	0.0	98.9
1413	пытайтесь	1	0.0	98.9
1414	старайтесь	1	0.0	98.9
1415	подборку	1	0.0	98.9
1416	делается	1	0.0	99.0
1417	подкастам	1	0.0	99.0
1418	строится	1	0.0	99.0
1419	большинство	1	0.0	99.0
1420	вашего	1	0.0	99.0
1421	родного	1	0.0	99.0
1422	читается	1	0.0	99.0
1423	обогатить	1	0.0	99.1
1424	словарным	1	0.0	99.1
1425	запасом	1	0.0	99.1
1426	мотивация	1	0.0	99.1
1427	заходите	1	0.0	99.1
1428	выбираете	1	0.0	99.1
1429	любое	1	0.0	99.1
1430	откры	1	0.0	99.2
1431	полная	1	0.0	99.2
1432	каждое	1	0.0	99.2
1433	незнакомое	1	0.0	99.2
1434	третье	1	0.0	99.2
1435	прослушивание	1	0.0	99.2
1436	перевели	1	0.0	99.3
1437	вспомнить	1	0.0	99.3
1438	пов	1	0.0	99.3
1439	имитировать	1	0.0	99.3
1440	помогает	1	0.0	99.3
1441	вашим	1	0.0	99.3
1442	включаете	1	0.0	99.3
1443	прочитали	1	0.0	99.4
1444	включили	1	0.0	99.4
1445	произношу	1	0.0	99.4
1446	способов	1	0.0	99.4
1447	разными	1	0.0	99.4
1448	разной	1	0.0	99.4
1449	стороны	1	0.0	99.5
1450	подходить	1	0.0	99.5
1451	изучению	1	0.0	99.5
1452	аутентичного	1	0.0	99.5
1453	живого	1	0.0	99.5
1454	сто	1	0.0	99.5
1455	перевести	1	0.0	99.5
1456	скучно	1	0.0	99.6
1457	вещах	1	0.0	99.6
1458	бесполезны	1	0.0	99.6
1459	та	1	0.0	99.6
1460	информация	1	0.0	99.6
1461	доношу	1	0.0	99.6
1462	полезна	1	0.0	99.7
1463	согласитесь	1	0.0	99.7
1464	поводу	1	0.0	99.7
1465	мало	1	0.0	99.7
1466	улучшаете	1	0.0	99.7
1467	улучшать	1	0.0	99.7
1468	считаю	1	0.0	99.7
1469	классная	1	0.0	99.8
1470	варианты	1	0.0	99.8
1471	идей	1	0.0	99.8
1472	публикую	1	0.0	99.8
1473	озвучил	1	0.0	99.8
1474	носитель	1	0.0	99.8
1475	перевод	1	0.0	99.8
1476	самых	1	0.0	99.9
1477	сложных	1	0.0	99.9
1478	слов	1	0.0	99.9
1479	предыдущие	1	0.0	99.9
1480	делитесь	1	0.0	99.9
1481	своим	1	0.0	99.9
1482	друзьям	1	0.0	100.0
1483	нашем	1	0.0	100.0
1484	проекте	1	0.0	100.0
1485	хорошего	1	0.0	100.0
